Feature_1,Feature_2,Label
0.01574478055304478,-1.0299853379801382,2
0.8680443200827832,0.6798990841789305,0
0.041558709784167404,0.4622338499803953,3
-0.005481631202331069,0.13611244665332023,1
0.41472649776046944,-0.2508371796705351,3
-0.9958197221913621,0.013576046754640164,2
0.08782437669157439,1.1826304550907862,0
0.4734019389773863,-0.8573058405985536,2
0.6233662790190687,-0.3560231506787479,1
-0.0046862513375690185,0.5038211985796418,3
0.25935196135369776,-0.14803919390771886,1
0.5313681259314085,0.023381529101917774,3
0.4092564294915653,0.20545064327650853,3
1.178219218696216,-0.30780478368767095,1
1.0845527732594338,0.12770479519699496,0
0.6832573095748335,0.49729460403482084,0
1.7694617517371063,-0.0022298361576439524,1
1.80427081994177,-0.19617972792445573,1
0.46382230772780847,-0.178685059853173,3
-0.21822363643400353,-0.42841338706801135,3
0.4616684715193716,0.627803228449073,0
0.17651041458981725,0.9797240081796517,2
-0.2264267819060084,0.4964073996045327,3
0.6134077849467318,0.729593478375415,2
-0.43057078098722085,-0.11707579216518721,3
1.6644184302428089,-0.5188091352179088,1
-0.2878244782033974,0.39843382083241086,3
0.004618996277334104,1.024612659051421,0
1.8856773673842697,0.304972105436857,1
2.091465508508373,0.3244699533235222,1
1.9884043257163178,0.10995882780419013,1
-0.9343626549412416,0.16217606217216074,0
1.3423174151646204,-0.28515392158804054,1
-0.6075373090285466,0.7505731909135871,0
-0.2743726853968853,0.33663793937536535,3
0.1256475212765847,-0.022846348233033574,1
0.06394852641368502,0.4651778504522217,3
0.4061632404203098,-0.30317916175511955,3
0.16846450816341438,0.502643233811067,3
-1.13971723719461,0.629160462615724,0
-0.0777567271516587,1.1885939967466,0
0.4643050939370231,0.9318476864218235,2
2.047301909447562,0.40593158002594765,1
-0.7959898534496775,0.6449214599067691,0
-0.4293264527590578,-0.8803253145176116,2
-0.9351839537117673,0.06260571186742417,0
-0.8710097742609458,0.5286761648779582,0
-0.4944565396323003,1.0500106526266015,0
0.6758805055708113,0.5145940546364258,0
0.07602668763422693,0.5774316862309129,3
-9.454581914161708e-06,0.5177190526034792,3
1.0048546445388913,0.49290032567603215,0
0.23804568454979624,0.435576542530398,3
1.8518884179635213,0.04697576264597008,1
-0.7614834851595853,0.0700802215637765,0
-0.4771941280380297,-0.0832536802433341,3
-0.8092967168533122,-0.5870038484935403,2
0.08995212340715837,0.4559658770987621,3
0.019538923612444758,-1.0118241639825116,2
0.1354571097915835,0.20142135445025325,1
0.4425492619572646,0.8743323875157437,2
2.022107709766323,-0.13930483975277347,1
-0.40456132816815565,0.8539993198743931,2
-0.6161567387060463,-0.8069766879691426,2
-0.5579363803914988,-0.8652825893737262,2
0.4221106225535783,-0.9372395070628712,2
-0.5959386724332278,0.7695240123933289,0
-0.47434135276752615,-0.8736867483064013,2
1.2832341223752695,-0.25541052041668466,1
-0.49054017322417987,-0.8698287451188957,2
-0.44474655819897924,0.9098448573888779,2
0.04167280083023726,0.8463954159836246,0
0.7164135522199142,0.6744290190472193,2
0.9280060239010144,0.30051934172941985,2
0.2369216518228061,0.24415388367528304,1
1.3531932108834754,-0.4274540007171522,1
-0.5328333463966959,0.8003262312680243,2
1.0707749130687771,-0.38034121796043596,1
-0.892809410920574,0.4031704293689457,0
0.3677862329389756,0.3383334572411422,3
0.023037797185204358,0.23707379953172938,1
0.13888008151516368,1.1503528537389482,0
0.24788763263069108,-0.9919629124632242,2
0.22993723696099513,-0.43968356794597135,3
0.3129413525597247,0.3721999772569512,3
-0.40427638646146413,-0.8911717432548502,2
-0.11418050555810534,0.45446617779226206,3
0.11693757840657004,0.01022632239613469,1
1.2899787859270193,-0.15510588861112784,1
-0.14306234030979387,-0.4564303683729219,3
-0.05968794681005997,-0.9969845835043403,2
0.7377232528124091,-0.7215471274404015,2
0.6787185751263298,0.482604054097934,0
-1.0345224019199393,0.6651466535224309,0
-0.5650812050346585,-0.08356486074363646,3
-0.9379809392964776,0.35591594372474,2
1.3175548534953831,-0.18137532122515693,1
0.3059329349569802,0.4699837079127864,3
0.25933324162996096,-1.0015190318791078,2
-0.3714176377991621,-0.9148519281690817,2
1.8005031249964636,0.02008116258213659,1
0.8456632525619863,-0.48801636048849895,1
-0.05011204472322185,1.1866575322107076,0
-0.5000849182714292,0.851932488112152,2
-0.670990414951879,0.9496158095891329,0
0.4918479842133833,0.9331778595591351,0
1.827890655406294,-0.06443677435765134,1
0.06328792492810009,0.3676385899877202,1
-0.18571090721226843,0.9823969426827202,0
0.7951385285338513,0.8770408842216253,0
0.7447875186294934,-0.2733235509104963,1
0.750549727957985,-0.6159790511837278,2
0.3619283792704055,0.937331805734003,2
-0.32453632625619655,-0.918424866033688,2
-0.9693261981386886,-0.02381624769834905,0
0.8855313913703909,-0.45482255301830393,1
-0.9789318943306731,-0.1209022050175181,2
1.502080305239529,-0.7606128183202154,1
1.8974433053577893,0.18301190191640798,1
0.4276889865696246,-0.21747598158137746,3
0.39295366936512344,0.3557974605036798,3
-0.35741037148952914,0.3571753016531505,3
0.4404872398966045,-0.2564092389454292,3
-1.1806284082276939,0.4691269757806297,0
0.8229754493554751,0.5345601289464003,0
0.51728757879407,0.06935815081417936,3
-0.8508303739003505,0.4670990472780089,0
1.1514381094616306,-0.24939842403448545,1
-0.8082393682245437,0.5634962241955155,2
1.0417684309176949,-0.5249073489415753,1
-0.874219676177027,-0.5442229875639775,2
0.5134033822597212,0.1484458950470623,3
-0.08415784549554306,0.9774079291701778,0
0.726817861041831,0.5636877262958682,0
-0.0602825558638323,0.1612751701593326,1
0.8109688917036595,0.555616390853361,2
-0.779031849088297,-0.6552412628575737,2
0.3722894862129559,0.3138123706558279,3
-0.3524586855361683,0.9257742385947054,2
0.11123883930200947,1.0360036756154802,2
-0.39963630613879686,0.23869636851698015,3
-0.2904443318612293,0.5881872751705983,0
-0.36028601618774797,0.3299123692113051,3
-0.6901590111103378,0.6112238392163514,0
-0.2988545966905418,0.44368759470728947,3
0.2755155612680013,0.15145783697148552,1
2.258248968217486,0.20042661930210254,1
0.9513497689135747,0.0546186404143191,2
0.16962415054644076,0.37254431971413804,1
1.8485469808173034,-0.15583218352347766,1
-0.8310000538457674,-0.5451599295612379,2
0.10816876318954108,0.2113032043666307,1
0.06935719214041532,0.414676886848865,1
-0.3889977829230696,-0.3160065415672695,3
0.46159660770868655,0.14834315049654773,1
0.8097513612219854,0.45843812355114805,0
1.5449225876505155,-0.22482383267080577,1
-0.3113821725850194,0.40444360942092933,3
1.3607666398009655,-0.36754948474888816,1
-0.16275910717818284,-1.0567359742693123,2
0.9962523820440379,-0.6719947525814416,1
0.7980657517530582,-0.2153086243022539,0
1.635981698640504,-0.053682753945445735,1
-0.055465934651600476,-0.4868907210459211,3
0.7697362264279751,0.6655157949268229,2
0.17194206810918075,-1.0155939523239765,2
-0.8534734927438192,0.5443660089222562,2
0.5202685397944614,0.11370628594621252,3
0.5360033506251978,0.9249877452703594,0
0.47469815076516353,-0.055135315748039884,3
0.11940274690653983,-0.49503223306307054,3
0.2918842182265135,0.7873721301164597,0
-0.05153382287424792,-0.4914539406952875,3
0.0935129069145943,0.4459545068817577,3
1.7476190884833878,-0.31856867892136975,1
-0.4353106660763145,-0.15489062568508752,3
0.09949819326926576,1.01158727513482,0
0.5028034164938961,-0.8656668842448311,2
1.533790837466794,-0.4921781995417943,1
-0.043231345081839484,-0.45661098114376136,3
0.5334717045391435,0.8314730756743391,2
0.12419929763844212,1.0159759529881975,0
0.3730068851300698,0.9310178574658269,2
0.07733898097438319,0.48744379428704643,3
0.5451158370107104,0.9297121460300539,0
-0.715296718861013,0.7112066532872948,0
0.09049534106802937,0.9288173136996106,2
0.14638348887097014,-0.42248321263081245,3
0.3600991179766934,-0.30929735849192463,3
1.0293506714025709,0.04382938964297559,2
-0.30538840133072376,0.9297932116876713,0
-1.0180325347080836,-0.09861155272016488,0
-0.9145437557789065,0.3697442052380515,2
2.0166845857658884,0.611048134931238,1
1.298022900394839,-0.3911742531887794,1
0.22347350428612497,-0.28865579747053927,1
-0.16893621529421043,0.5154295324611984,3
1.141144232864729,0.2802571566802744,0
0.9299296148102667,-0.22856924608917023,1
0.926595314057602,-0.3482910566209763,2
0.42977833616079475,-0.1247327451837243,3
1.3118652560328277,-0.3736717934999576,1
1.9641617670791751,0.43759602657387503,1
1.7208298366924406,-0.00015367025801590883,1
1.1724183657838667,-0.47206165159657826,1
2.4191766644025905,0.26079317704453464,1
0.35370845260365513,-0.40244655553762293,3
-0.6859560373644639,-0.7239069823458189,2
-0.9055096056277737,0.498838395492457,2
-0.058696393141911704,0.3914045573370785,1
-0.037029960237994514,-0.9852084678184425,2
0.07559579692539378,0.9982238717156124,0
2.0038821944488614,0.41165404542339024,1
2.0461166016637353,0.31080394096028646,1
0.40000596159736135,-0.6345974942885453,1
-0.09869952804213696,-0.4761306148538709,3
-0.9350105292585243,0.39425193283022686,2
-0.24384718056384277,0.863928389951677,0
0.7992963619998547,-0.2288813190534884,1
0.19654822275128725,1.0332799287732461,2
0.031016114078558872,-0.13564840289906677,1
-0.361677457309609,0.8371312865493923,0
0.21762775476668333,-0.09158916537481139,1
0.41670986147430916,0.12544796935680097,3
0.08766818238627666,-0.5281078952587893,3
0.996182154006127,0.16832699150678623,2
-1.0510827223098473,0.27321253668139955,0
0.876746664809091,-0.7408771777974783,1
0.5177451174624887,-0.21225375252276402,3
0.1519409708585005,-0.13542700973316182,1
-0.9114745962497866,-0.24630821880413617,2
-0.26361547754640074,1.2068167000673236,0
0.7834854100091091,0.6247290858421666,2
0.486964009966648,-0.8284687612323033,2
0.11647908905916561,-0.9471842076691405,2
-1.0328008735731837,0.698453011373982,0
0.5308914161800905,-0.10085065623500722,3
1.8397220901331157,-0.34043263518668176,1
-0.6331771715080112,0.8259781895002246,2
0.6964400234193304,-0.32326326687696505,1
1.7461486502183554,0.11811962491004441,1
-0.9342299761612357,-0.24567878349339592,2
0.8683839952714304,-0.6028522799349241,1
0.9524531000617172,-0.5147055126685826,1
0.22466220945888418,0.4250587616343997,3
-0.7898417347035199,0.5022182009252943,0
1.3469471762391312,-0.3538951116853709,1
0.15069981544411243,-0.9912544172543822,2
0.011964159589113515,0.10552774677174906,1
0.18422264712736633,0.47913080171044337,3
0.4422076451826442,-0.8967234339920014,2
1.7773501438617243,-0.03953507489338251,1
-0.43783397656644757,0.15458057895938132,3
0.16551170358708187,0.14423908314855963,1
0.30421809588012877,0.41609003011346357,3
-0.8752516662803006,-0.463121266939196,2
0.5065521896391151,0.744812452175802,0
2.2174060183084037,0.49737520147919334,1
0.9156385861489122,-0.41266275221233073,2
-0.007490319716211162,-0.5007524828790234,3
-0.09754976329370696,0.2332422403312696,1
-0.4979030878823422,-0.18047429970227988,3
0.11763981868273113,-0.2671542299566323,1
0.5973094103344058,0.8080594395356467,2
1.0050388703112423,0.012500922067145044,2
-0.2705248255856561,-0.4171986071479426,3
-0.32952611007595545,0.8031073554140984,0
0.16783437219795785,-0.2407434372471157,1
0.13269129330954701,0.23992073998438773,1
0.31085160431425446,0.3599507923890236,3
-0.45559185077895986,0.899763105234475,2
-0.7328843867609722,-0.7450479014831377,2
0.5900434286075087,0.871140916507136,0
0.9530250736915944,0.1796276746694305,2
0.9445508997112726,0.2707408901186027,2
-0.13922664503041599,-0.5005866086771424,3
0.6448358354760912,0.8529877865043357,0
-0.5152102718357974,0.9749667884184691,0
0.13472101579360193,0.4798262591569637,3
1.797396237087073,-0.10785761689454679,1
0.33701310700873816,0.31144785530325947,3
0.2691809982321783,1.0090259581830263,2
1.8236065964085635,0.24869691308616462,1
-0.2682022782061547,0.9844739551157946,2
0.7616585733719057,-0.6385277623032013,2
1.4121950395693978,-0.37984862723501595,1
0.7661199952366068,-0.0014742240515509056,0
-0.5075295279639087,0.04648280296326976,3
0.8939092057615724,-0.5329508697866854,1
0.6072363144691046,-0.4761911723610689,1
0.47525349926953153,0.17508562149102225,3
-0.49348922728707073,-0.015612776556682507,3
0.8334937426278716,-0.5240168717544843,2
-0.4336495832237638,-0.08981982524865217,3
1.4410646607094668,-0.3170870158655614,1
0.04444770177829954,0.7528311647626359,0
-0.011620731452098465,0.897629643387232,0
-0.24887800083284234,0.9738060370441591,2
-0.4905199989981623,-0.11445238697741787,3
0.9695391763306854,0.2684935503506854,0
0.7024367863567026,0.1382117388856546,0
0.6709503447602835,-0.46850658526667155,1
0.32646952181529965,-0.3756513729684736,3
-0.38098002831053623,-0.38517226520348863,3
0.2913744880869352,-0.21479913855498273,1
0.5384541415476042,0.8562059957708182,2
0.4884593034212456,-0.06879270280696655,3
-0.8327376537886302,0.46624834214523647,2
-0.7591581082492611,0.6351171928068144,0
-0.362965922038742,0.972343824431656,0
0.8022648191113358,-0.561764581043314,2
-0.37123849253921604,0.36538916088675955,3
0.46150052032469574,0.239001235736185,3
-1.0670701791956732,0.5175176339513543,0
-0.6274310750477744,-0.7551801282552012,2
-0.468458440481528,0.8014028970050863,0
0.10488997973292888,1.0081140751634463,2
-0.7811973751537089,-0.6948928582462858,2
0.4633991902831245,0.22234773876903025,3
0.7634635260560053,0.6251008402700624,2
-0.39483398513495727,0.9318215718601648,0
0.8183767080345287,-0.6005138850624805,2
-0.24373083934986886,1.1484305862034285,0
-0.8759085899331319,0.634926688914337,0
0.9248574853315099,0.34061885917888507,0
1.8824356220123266,0.01543285894137518,1
0.5606809136116145,-0.7662085273134764,2
0.7889260141023924,0.7586869342138607,0
0.5342998953942963,-0.08152068061771733,3
1.4524534684217885,-0.3955341533358178,1
1.647292453731563,-0.36862251275570324,1
1.5202015001124611,-0.6281668506748348,1
0.49103386320087106,-0.0955663714712809,3
0.2213327481683709,1.2589542320701508,0
0.6152496029809463,1.0489159526770087,0
0.07535172303979855,-0.46421458665463666,3
0.36133527266825183,1.0436123466290028,0
0.5785047691338264,0.7786556320935968,0
-0.6367447497188863,0.7693794128855854,2
0.46740050062350696,-0.11287070739525752,3
-0.07995375347235062,-0.9602165717205797,2
0.05858423627656499,0.13971270921004725,1
-0.8374488872041794,0.6055320960710547,2
1.461718626255641,-0.2629515257607724,1
-1.2717627743586972,0.10557524461916874,0
1.0087714414514608,0.1860885732794305,2
0.48741036787458347,1.2261178646400788,0
-0.48511065232312867,-0.14785823058617803,3
-0.9930842805124871,-0.12178198829550163,2
-0.5254862208075304,0.9867927064320858,0
-0.6515968601426522,0.768868067623789,0
0.5815685020517705,0.18933869740209344,0
-0.453991906640063,-0.18367673189391207,3
-0.5932023081740472,0.7599528505301851,2
-0.27683150942332446,1.0729708181542295,0
0.71813232046558,-0.3822776841666229,1
0.16321096653784697,-0.46612332725150213,3
-0.08979782964510512,0.46150276214291025,3
0.2144057202503565,-0.4472986091817968,3
-0.1646295451516327,0.9924858256589174,2
1.0355879634887477,0.0626044423185173,0
-0.10465222252278311,0.8017445345519075,0
-0.837286764150039,-0.03354833826897796,0
0.21059020502544704,1.0687030404369409,0
2.098322602349428,0.13910896903131137,1
1.089058369718741,0.4347283591315616,0
0.8777730239985014,-0.42268470295126165,2
-0.41138725159906,0.9554242834356667,0
-0.4875028776186964,-0.8637236712465919,2
1.3550207473992584,-0.2589324656302149,1
0.931762890756022,-0.15661761107621286,2
-0.4030084269331729,-0.2750164555784202,3
1.6151588133262968,-0.25330238699916946,1
0.015380346701456493,0.9600260220697325,2
-0.2648682678018992,0.454479314211491,3
-0.4841529310992169,0.0966373170742406,3
0.4017907019851146,-0.2407131607355969,1
-0.9616008131307533,-0.23649922950508584,2
0.2088404386209033,0.9709073726907482,2
-0.9256072587068468,0.33725052427978985,2
0.622758618528372,0.7737655917961112,2
0.9378446119923272,0.3897829392508531,0
-0.9593865650742633,0.03233911309674038,0
0.021213362874587402,0.9865092817372152,2
-0.2738462344379777,0.412675648539044,3
0.00776434034981302,-0.3363159723905288,1
0.8691602441515381,0.09077493061962288,0
-0.17894592771764106,-1.0100558762219196,2
0.9493656082597395,-0.2098223872185389,1
0.414887365388854,0.3347163278082574,3
-0.859694608450873,-0.38488416039014756,2
-0.5029624539499739,0.8730458193341712,2
0.5922294222461535,0.9638845597340334,0
-0.0012052544223144362,1.1048676771546158,0
1.7347581748106824,-0.44343075343312854,1
0.8871191122105211,0.18132339780243112,0
-0.8763642467297819,0.48418078521292474,2
0.299658944996403,-0.9195250576541917,2
-1.0160648374377854,0.3974785097059555,0
-1.1343484771347974,0.41214795742095645,0
0.21240427926897365,0.9253307091089191,0
0.9244832822449313,0.05062545320959731,0
0.15993966200033966,0.026512295648418574,1
0.056467473645029964,-0.16313464620641743,1
1.0068827109391763,0.37140087280913237,0
0.4016948466276167,0.32401580078731973,3
0.6703615632581993,-0.7675015386536397,2
0.8239134158609763,0.04190825427422909,0
-0.02126665794098157,-0.9962753104714337,2
0.9842218011547658,0.04403803178134634,2
0.9926427258610118,0.4020535163680693,0
1.7627238822631368,0.0024258731824455537,1
-0.35651880815365833,0.3339171304697643,3
1.894238330069604,0.32536626033781757,1
-0.9844747556754104,0.018213906306689863,0
-0.507187956338847,-0.8320246656527822,2
0.7661197832600845,-0.009385709856385031,0
1.7269354360744742,-0.38351954256813287,1
0.25369724284489575,-0.1873224874232421,1
0.9683939327346143,-0.3851862961212759,2
0.7440652753917525,0.8667252600899177,0
0.8636514177229974,-0.6023523791353227,1
-0.2525162700632287,0.9294174121282266,2
1.0577234611489341,-0.4520517915129766,1
0.8532742838467353,0.480399406859316,2
0.39099247624012,0.3124404149172081,3
0.73662730381529,-0.5960251377191408,2
-0.3365985769051553,-0.3691107241035748,3
-0.009878547522644292,0.5033724059082976,3
-0.3879173226798841,-0.9541324501988325,2
0.7988381263631706,0.43368298464734717,0
0.8719900445300249,0.589364607670794,2
0.9210492397799233,-0.41805385868448564,2
0.00019708806101306417,0.8582138954625276,0
-0.33789951250557476,0.3280161254872356,3
-0.3861291337729391,-0.9152921927051131,2
-0.9975829780536879,-0.26191966195829924,2
0.641063887304716,0.6107317566822736,0
1.0279246601874978,-0.3504800061899308,1
0.39118324989149134,0.19899070826867202,3
0.2842283585481823,0.9649345992082665,0
0.6130349600924102,-0.13510658336292608,1
1.011025782269726,0.16802846431656535,2
0.6817719933516961,-0.3686842425975291,1
0.2931836884475693,0.9741996860526284,2
0.6821636646476998,0.6610734203964902,0
-0.9887828558059899,0.1663309298519986,0
-0.24159088317525723,-0.9286428262164842,2
0.5811636765739663,0.9494440537866445,0
0.3116694217525451,-0.43654031558373046,3
0.36219720561579405,0.9002916005054376,0
0.62507665418379,-0.8255426625033253,2
0.8317249099438533,-0.13313471048072556,1
-0.5162170862313489,0.10098479725224167,3
0.9883938867095554,-0.3449188723510539,2
-0.15512662959875625,-0.5394679141664013,3
0.06738302034904067,0.2995826533739278,1
-0.9481398836268876,0.2600747066902621,2
-0.355457125300655,0.9540763226817728,2
-0.8617811796672024,0.4710573497463195,0
1.8609193470935197,-0.24780431842423095,1
-1.1694597291168376,0.07887407015006859,0
1.1641926770936077,-0.28622655412973724,1
0.45120287733191117,-0.23331966949026978,3
-0.009812148265253118,-0.4545798809678025,1
0.7080097338375556,0.743686405776554,0
1.294177137023574,-0.17987879530209078,1
0.6229459818495049,0.7189878543792423,0
-0.5825283412466077,1.2376595437300217,0
-0.5821363977431011,0.8992538280574239,0
0.25595985921175174,-0.11567235332689901,1
-0.1829773020452561,0.8753938804139286,0
0.7888104313462153,-0.4710511028002035,1
0.13684559110126976,-0.4752495055716495,3
-0.31375631359631334,0.97421598751685,2
0.9937207344806576,0.3478657172195675,0
0.6911951627417505,-0.3010455534054837,1
0.740620733460726,-0.3310349261178235,1
0.01775350581158008,1.0678752791765063,0
0.45333920516157733,0.892714006127514,2
-0.4114100863468929,-0.2411642099890451,3
-0.9306718867198911,0.0573930873364885,2
0.9299183721157251,0.3907840077556767,0
0.08018694546918516,0.8277127188382535,0
0.22956220733855187,-0.4311621844499868,3
0.3586449219637807,0.4299241673400443,3
0.4524243574447232,0.8320699068848568,0
0.14172930063180697,0.025102666946118943,1
-0.7016790122837592,0.7843829309610112,0
0.5139014322024962,0.8707266952703355,0
0.745141535019884,-0.7152440485422594,2
-0.5720662594218149,0.9123067850373396,0
-0.22319177027504192,-0.4756060185701213,3
0.1864846640965948,-0.10438742230799843,1
1.0421183367949063,-0.356070066818318,1
0.7109244770135164,-0.4283534832468865,1
-0.8364657664084283,-0.5853469470094624,2
0.7699346814190238,0.3095826581175908,0
-0.5019278342614724,0.18989587956893367,3
1.7233435318759343,-0.08673119361407566,1
-0.09458021099855354,0.4999986471841285,3
0.3070620228765362,0.05636965308672566,1
0.4433431992713973,-0.16267037530898,1
-0.5064277831513713,-0.13600507685704064,3
0.13328789938327087,1.0113726173633242,2
-0.46850141155372704,0.8409864852683497,2
0.40821386960691763,0.9455382403357757,2
-0.7471984654734616,0.6340591302278641,0
-0.20211415430677407,-0.43537527394075565,3
0.07963801147953645,0.43878154567982036,3
-0.7012786443286885,0.6385318580110965,0
0.1570578374851814,0.5791968105309715,1
2.268938388699631,0.53359329171346,1
0.11700786764210155,-0.47735088495018974,3
0.7261115676050305,0.7501749989603994,2
-0.18920245992767068,-0.4607113385947646,3
1.01789385601137,0.0927758141640399,0
1.723652641889551,-0.08230933893989,1
0.012448180291428287,0.9870883735924136,2
-0.08951581980284552,-1.0677683182718436,2
0.2076258442488374,-0.4173707344298171,3
0.7611844426340906,-0.4612432125187701,1
0.5819162654478057,-0.8648573623542338,2
0.2958856098278802,0.8636050736138757,0
1.1092641508139485,-0.4917715974243135,1
-0.8599919694542193,0.6055525705051238,0
2.0069297845149414,0.4516237569687245,1
1.0786544120879367,-0.11023656217166992,0
0.7380519041762914,-0.34630136503644543,1
0.5065196590881825,-0.06517289180654527,3
-0.9663282523933251,-0.1425067074855718,2
0.533172850407885,0.08059112964192335,3
1.5712384497639642,-0.08639545136281303,1
0.9564562862586357,0.8239490563988765,0
1.5882519887218094,-0.6434364889435242,1
-0.24819214836310716,0.4657459821573357,3
-0.42679489276458976,-0.18084608462479373,3
0.1950742216266067,1.0935402044657203,0
0.8348910799526645,0.827191120459568,0
-0.497497912748243,-0.0705223513647269,3
1.0244039165518475,0.42012386531515233,0
-0.5126751991857611,0.8748136847543909,2
0.9058031687634933,0.3631884829431871,2
-0.12377667638586116,-0.4940521062012758,3
-0.3580793807199253,-0.34984047094310045,3
-0.9908438697855658,0.19945056103445682,0
0.3823402622241347,0.807194951020509,0
-0.260714735269954,0.42508536155701904,3
1.000474721865928,-0.31188500995004154,2
-0.5000222030457205,0.012881139573424523,3
-0.3501020750201066,0.6057021683311494,0
2.3684427130962975,0.4218475295117511,1
-0.009571346951793066,0.5185825878513621,1
-0.5027225598535079,-0.0815547786007493,3
-0.28421298708468123,0.756996772406755,0
0.5020154511167708,-0.009159038634001408,3
-0.7920198628350299,0.6014064229355245,2
-0.19029489340230543,-0.4613254573871549,3
1.9954345954072281,0.20059446486633056,1
0.5013610895754537,0.11030372998921427,3
-0.8953662329114822,0.7076659749809415,0
-0.09390104661094639,1.0203411993832854,2
-1.1938965520541724,-0.13927559751590912,0
-0.031616777711431454,0.8714761532135069,0
1.3037680382246908,0.29559154006467614,0
0.37866596127552404,0.3211212934137258,3
-0.73271105862026,-0.7421388059475486,2
0.8963298650690315,0.2522671787988039,0
0.2998285793302281,0.45280011590661645,3
0.23135146470645473,-0.19477208484683628,1
-0.8897743048721574,-0.47972871802546513,2
0.0821513649352717,1.0095853179516483,2
1.0157308824175872,-0.022047312434333985,2
-0.018671345849724276,-0.9856573001011764,2
0.9721100666261041,0.6601634920265419,0
0.6519834696455034,0.7473332285075852,2
0.6524684846519588,-0.44933915179345174,1
0.5358710226272536,-0.2270904752437126,3
-0.9190344889407169,-0.4820508047501406,2
0.8473427537962386,-0.37199055929018765,2
0.32903664128422644,-0.36216558063838844,3
0.9858762872358006,-0.05919392225428097,2
-0.11340348407420488,0.4991585372305634,3
0.012730622972504723,0.16969541564616009,1
1.5164922722997265,-0.35736463957151576,1
0.6739780501853744,-0.6073676507333396,1
-0.3912109010535358,0.2616243636994081,3
-0.25810071204622975,-0.474420068201952,3
0.049750634439299994,0.14939377248632596,1
-0.035895723288249096,0.1597676175780287,1
-0.9652990430072126,0.28026575540534476,2
0.8724484033534282,-0.6098775285218742,1
-0.2798435733091438,-0.34721287770321596,3
-0.991006439483034,0.16994058253332425,2
-0.9542291587354337,0.32671065273306626,2
1.5601447604331125,-0.24034594581578497,1
-0.09718691201166327,-0.488215709822164,3
0.9672062369670613,-0.3034895569566246,2
-0.8617952354804502,0.04905664051130176,0
0.6492824964652139,-0.3402271520715597,1
0.3887795465758564,-0.19142362129479057,1
1.9047011618502885,0.08240070843211694,1
-0.07645030674082949,0.9864707924730445,0
0.8941299194283532,0.36390014839541457,2
0.5694588518059575,-0.8001302522369298,2
0.14955024817099916,-0.46836316569716796,3
-0.45246521944551166,-0.09570950343052109,3
0.4712023591900402,-0.18899916847259676,3
-0.7995036905463673,1.016304585019062,0
-0.1931931594489008,0.4461028214792119,3
0.9717877149324664,0.12981183046847858,2
-0.18989911217675914,0.03468587562755135,1
1.1082576759443215,-0.4230469075475972,1
0.1888650633348152,0.9759673859053477,2
0.44640145056838126,-0.2894683430102983,3
-0.01975109685931306,0.4307036279881443,3
-0.5971189712221787,-0.7739910558320857,2
-0.3971629937439032,-0.8924069073809147,2
0.5180566047253027,-0.47126873526765983,1
0.8007932414143403,0.7501368434363763,0
-0.8520276498305025,0.47903074559380937,2
-0.26368302940895777,-0.4314482403302072,3
1.9379971278686066,0.7024893318627243,1
-0.056967932384812014,-0.22209860532714226,1
0.9685965259542576,0.20977482850830856,2
-0.9324496594438924,-0.15211360992223927,2
0.9843769660395547,-0.22565171939870854,2
-0.4263977089941698,-0.33600330016619967,3
0.7291097106386027,0.7045193129467759,0
0.5512086329442344,0.8094111985771271,2
0.06221800209795089,-0.007323493969674924,1
0.32734336546912757,0.3882779462309968,3
-0.2661202210912037,0.7040609434293076,0
0.4843590574303003,0.1882993148683751,3
0.20901169564406244,1.1626234815282994,0
-1.0686087562899866,0.08560261761950565,0
-0.1188452089437454,0.9350828676794335,2
-0.19511694460836246,0.4646734631235228,3
-1.2034236018160391,-0.022234234545340213,0
0.4133518638442183,0.00879807942400509,3
-0.7695315080295683,0.6294165483882598,2
0.06108684398944564,1.0850877142791449,0
-0.9773224626125868,-0.20499818969491754,0
0.41696103978652044,0.3117260636344975,3
-0.46030673178163484,-0.21322701925637572,3
0.36850796316228307,-0.37204886928797914,3
-1.031912590125961,0.35787467476866575,0
1.823551055480567,0.12305602192653639,1
-0.22922986761123618,0.4414138758141939,3
0.6216573354185271,-0.8114294675862175,2
0.4677690758064954,0.08786071093025248,3
-0.22418802434987148,0.45551177813543164,3
-0.3321851447626816,0.9433763216679167,2
-1.0179604904346822,0.20097497007202828,2
-0.07934367235449863,-0.5044367247637465,3
-0.20616005030541354,0.2788887923997823,1
-0.8581011467800029,-0.41380528377821435,2
-0.3740516544375216,0.286655694157316,3
1.798355323401721,0.1359116464149871,1
1.1009051576701996,0.10880883096210521,0
1.0283587596153048,0.1917132490488421,0
0.8337415623899224,-0.24289073913572745,0
-0.5217751911058651,-0.06028690750559018,3
0.44206984152698486,0.9523591182517016,0
0.42205972562977045,-0.2797230831195633,3
-0.990533619780589,-0.010706233535487362,2
-0.2722430140415074,0.9037957346007094,0
0.29845292759631764,-0.9833221685523829,2
0.781517242650185,0.6377391617323048,0
0.28050215294394315,-0.1955901415182808,1
0.4190916971412909,-0.4177487300142222,1
0.7482655205362216,0.6216900719213473,2
-0.8660432219907698,0.8937187540246254,0
0.1534759014244938,0.4949216824245624,1
1.823423622997816,-0.1259629834815015,1
1.8946505391607515,-0.4898777432713068,1
0.12098859108859887,0.472804199922325,3
-1.0666060259820482,0.354109945005457,0
0.013155020293922414,0.9062294380604115,0
0.41705114259594456,0.9061322278086138,2
0.13719420421470696,-1.0347165231389206,2
-0.37936338510049994,-0.34731699983310316,3
-0.8227320286075299,0.03852995450489052,0
0.032313868431172815,1.001764853620285,2
-0.0864765198129561,0.4185512679419915,3
0.3758048347936028,-0.34768824663229314,3
-0.5462581147398616,0.06730261930477982,3
-0.4861228833284155,0.10226919010274238,3
-0.3779558865994504,0.28996903793875783,3
-0.6820992148022962,0.6324864262867239,2
-0.8237051478632893,0.042891192458581424,0
2.0149495524598438,0.29375067781957703,1
-0.8182389407621623,0.5092273681693731,0
-0.468388260876224,0.20601359230518826,3
-0.7547665794158709,-0.5839752370359286,2
-0.9261160382832561,0.3035726444875717,2
0.16449583413915048,1.0302564859053644,0
-0.8113592963036605,-0.6060196458850569,2
1.8196384685347602,0.07087584993810139,1
2.3232661124272815,0.5945428573918298,1
-0.6836416235815741,0.7141747418408704,2
-0.2579572143687153,-0.37413912502283514,3
0.5639070786852665,-0.23926303291459736,1
0.19113696858660845,-1.0097938652988634,2
0.8369555451742021,0.22179775972602722,0
-0.5809249880872314,0.817333674231616,2
2.0539658847051427,0.26232829340613945,1
-1.0537962654704467,0.3453224572279934,0
0.7711224634797004,-0.489593370913848,1
1.208642734804953,-0.4475675778147943,1
1.6503385226426288,-0.1576811455426596,1
0.23256534308067162,-0.45642669936755287,3
0.7809853607747889,0.6254471919628259,0
-0.873989654716715,-0.14165520402957366,0
0.40660319171113424,-0.24488667909222211,1
0.4899665689009098,0.8824878286522332,0
-0.3566139482786108,-0.9547558632578118,2
0.9396158048606343,-0.4543389717269308,1
-0.03012474809813466,0.27966701364385904,1
0.009080560469879637,0.9839755495093571,2
0.6353129224676298,-0.3788785487581901,1
-0.4164450224050655,-0.22085301360167833,3
0.23701298286911043,-0.1316268179050315,1
-0.5157428630682669,-0.006703606089403956,3
-0.5100898241024561,0.15300708682593864,3
-0.5921127759167935,0.4133217517475601,0
0.396077422279816,0.8097605676491147,0
1.5933140071381793,-0.2568349903763494,1
0.24238393750349746,-0.1538478421217166,1
0.9840797036428056,0.7651425719932511,0
0.8103738165486307,-0.4025559380371102,1
1.7435217669846987,-0.31845390472667373,1
-0.4750503606948092,0.6407109495544405,0
0.3413353808177848,0.9016724463069268,0
0.4382576174982131,-0.05936660121436981,3
1.335989027738127,-0.5795580604841271,1
0.28497957924153455,-0.9391366044173481,2
-0.5509903286600707,-0.005911766359211659,3
-1.0417504441472738,0.2761063635009115,0
-0.11241692008678447,0.376553921468713,1
-0.021390036767395114,0.8233650221521477,0
0.3254253630770969,0.3847331086031172,3
-0.8767467301585448,0.577441286368201,0
0.649326099922956,0.3276805717249682,0
-0.7389792729792093,0.24605575483855507,0
-0.11021686782702399,0.02913653529601551,1
-1.1005745386280763,0.24655305087333812,0
-0.25101244840065007,0.7057475076056404,0
-0.5374580182508002,-0.846995095552033,2
0.9494939967749567,0.3555441321880047,2
0.44024889900040753,0.23012255493162384,3
-0.3640251551504061,0.34038819728304703,3
0.38517968850593154,-0.275574631762865,3
0.1455801729535015,-0.4299254839397357,1
0.06999845276260135,0.4447685073409046,3
0.6399445685135351,-0.3904324790494591,1
0.14162440364512585,0.4962764727777416,3
0.5438690133830896,0.016585304563728406,3
1.4527686115848095,-0.16102977447961556,1
-0.9801273785427376,0.22534758404947236,2
0.9130544432243779,0.539038066441358,2
0.5821264239363779,-0.38524411100868533,1
-0.03487257263547676,0.14880605234095873,1
-0.07935221399753849,0.9723351523281621,2
0.9546601152759029,-0.33222758123643303,2
0.28494942464193823,0.3807855213860088,3
0.14656232627555885,-0.9918435557191084,2
0.29441547259893425,0.3832005271365703,3
0.7612665975841733,0.8519223795972499,0
-0.41622457866505375,-0.21833559022863083,3
1.0269712319414102,-0.5870718124492322,1
-0.38875970776856167,0.3112892118496191,3
-0.06728492157373109,-0.49889334994739437,3
0.49811934305366085,-0.09575091618429321,3
-0.003350939012345705,-0.1357813826592708,1
1.109017694758528,0.1644918500048568,0
0.8464203309672468,-0.5550197308023203,2
-0.44940530992263955,0.25789324569494454,3
2.0194252335782865,0.1884214054066537,1
-0.4095323489876561,0.8997582793940939,0
0.8138562155745724,0.9343781897067897,0
0.6108393038200476,0.8789873633391839,0
0.5231641005173254,-0.19610925064477674,1
0.32303702619487307,-0.2685348851985956,1
0.546455093298743,-0.31605904401099216,1
-0.14780861078317828,0.9988749839251496,2
0.484057619208937,0.5040046999866314,0
0.8508192821422172,0.5692791851656424,0
-0.15623395207809515,0.5018549181579953,3
0.7768273291653855,-0.3249679318601921,1
-0.45928301207771716,0.21559093091213483,3
0.39746158644985774,0.2552658879551417,3
1.384640952143668,-0.2999772132474805,1
-0.5073261010963678,0.04955171089013296,3
1.728212768917663,-0.1386762245338054,1
-0.5403894705906251,0.7535848098525909,0
0.9506310602954183,0.5894903028508578,0
0.9070540009448992,-0.2447605308599144,2
-0.9761378285336881,-0.09075177053805417,2
0.7407472945781559,0.6405424987945776,0
0.43935880271261535,-0.44039973919478714,1
0.3496862771148341,-0.3547834085474845,3
0.1301335032618906,-0.13933910199057642,1
0.1953359844933519,-0.2885436972419528,1
0.24405409954243334,0.9441251921631172,2
0.29944238171972554,-0.3850728815000375,1
0.5301390960020624,0.8287879646200629,0
0.47499318151117187,-0.202503371191939,3
0.9191057029967693,-0.6279164174740464,1
0.349774001570635,-0.3370860799854912,1
-0.15426877862931596,0.465134158542292,3
1.340901185565992,-0.3941480929523506,1
-0.5409041850729431,-0.0728975185669679,3
0.9370178428616545,0.14964715776327325,0
0.4175596408879312,-0.8877064870182195,2
0.4695474285045805,0.1956243194959957,3
-0.41300814143233744,-0.326864058139728,3
-0.2760426315592416,-0.9252737011410498,2
-0.26264702259278294,0.43441933320233045,3
0.22108060135285826,0.9584302689655751,2
-0.17088261820781195,-0.45941161292918165,3
0.632371828522735,-0.42175979242407724,1
0.35907429328062995,-0.3963709900240767,3
0.8766919907122399,-0.2791270284392398,1
1.2447172298978055,-0.8737389567515572,1
1.0463721967764998,-0.3718568680407578,1
0.08900209819209898,-0.48152388452304,3
0.7287853306711107,0.6724177255105096,2
0.21050235043577528,1.0439589299442857,0
0.15777146870794456,0.15817681431361075,1
0.3133433138668478,-0.9917221352119827,2
1.0358719718033835,-0.5975111765861841,1
1.9757549985365888,0.6280852444951865,1
1.1173567774944266,0.21098912821637766,0
1.66026294040409,-0.2588754088720153,1
-0.3945111286046584,0.858412993146702,0
1.11018782916464,-0.3620569132931104,1
-0.14948632616789923,-0.9859530602941102,2
0.37830273025362426,-0.2005437516830556,1
0.14801841791994147,-0.9746058617493809,2
0.5845887758817746,0.8760875386570546,0
1.0656668673916425,-0.6557051060054695,1
0.16784106585941555,-1.0158035539566617,2
0.2926449764078207,0.0395822927998183,1
1.0067763604400333,0.09051627796178513,0
-0.1784388161859443,1.127880386964895,0
-0.33735724191135064,0.707179771087144,0
-0.01488621946165189,0.5002926714394788,3
0.8970495391886129,-0.38876868392379116,2
0.8033617852583885,0.3675851762124061,0
-0.9578052536136464,0.3766402927756541,2
0.23852660438406642,1.0418830320481147,0
0.6174237289449098,-0.48324123399482993,1
1.51258749035147,-0.47345780996758163,1
0.005710273938483945,1.070108061207397,0
-0.10476995821580087,0.519730749743525,3
-0.47118920325840585,-0.0435511245792804,3
0.06259601493762976,-0.08515426112024445,1
-1.0244129638057586,0.7911050204047931,0
0.04417441186066234,-1.0216249284699248,2
-0.7141778453315998,0.23283520135319757,0
-0.3403353258627772,0.3326959755012914,1
1.0389600597670419,-0.4660523192318678,1
0.46463175904974546,0.1532282859840093,3
0.4088620818834306,-0.2676505122315647,3
-0.6281811562516312,0.7420534785871995,0
-1.1255814815942398,0.3309664733375274,0
0.24853394504541082,0.4372231598484862,3
2.159545401411638,0.23979915140203426,1
0.9741019545550624,0.35503727056607814,2
-1.1261620307956308,0.6624433565503576,0
-0.24892345688397333,-0.4047783504917016,3
-0.020635775911696626,1.002448752266962,2
-0.40691891239406275,0.9117472669981507,2
0.579691094714165,1.0050002515415482,0
0.9063687595643634,0.17672798992999209,0
1.364529845324175,-0.5060779879877583,1
0.29170894982221474,0.9092787225869244,0
-0.8685862519529939,0.6674431658058779,0
0.38193380915501396,-0.34427736226166256,3
-0.2770095652791361,0.9921346683915846,2
0.7784181351983707,-0.5890061334672331,2
0.02422611443275862,-0.9652081526398975,2
0.4568734172287978,0.17852438902187254,3
0.063776386255042,1.0840258390018263,0
0.8832713585361245,-0.5178476521622161,2
-0.6811572312964956,0.4879690341734203,0
0.02493971676653857,-0.5502040644831528,3
0.7730313840923957,0.6191216922764392,0
0.9965970373829277,-0.2407793602989713,1
-0.9720458431727547,0.36165458869616013,2
-0.9438137385625774,-0.23361716892778212,2
-0.9369525654764123,0.44900689409741934,0
0.7501521118136009,-0.46299731330378185,1
1.1024358814141868,0.3926587397963761,0
0.26912930453749356,-0.4017116623501071,3
1.62984180375294,-0.10910416861030614,1
0.45079165922733483,0.1894337538978009,3
0.4601663390589854,-0.4141530301370224,1
-0.4570610700318978,0.7202752387453111,0
0.17975481927950485,0.6017064379565509,1
-0.04746982615435598,0.4820510066963441,3
-0.9921879188504562,-0.24104566067402425,2
0.828766328889528,-0.4846346210465735,1
0.8504287903652226,0.5832783281074919,0
0.3898195215451873,-0.2098765626534075,3
-1.0195430426474337,0.10862854744515285,2
1.7697318302411518,-0.41264048866376546,1
-0.46015309895908074,0.10446772707648175,3
-0.3666211909715341,0.2804092928030073,3
-0.45166375677773773,-0.19999381060760563,3
-0.12721340213396512,1.0223431401298686,2
0.1878076202197524,-0.9547313690395234,2
-0.06473765012868965,-0.5005626888690884,3
1.7007557278856957,-0.20123067567833042,1
-0.33994599827943695,0.9298158618588993,0
2.0295051634398686,0.22581394757278417,1
0.9572785925265711,-0.07227345558240908,2
0.8923613016093769,0.49259778882432714,2
-0.4969140231856339,0.17168363445777618,3
-0.9920260757050953,0.2516350718292759,2
0.27016901011768385,0.45897546455011207,3
-0.08619394678634229,0.6027471870146617,0
1.1344682657911702,-0.6841048466432988,1
0.7504474181306814,0.6419892364759703,0
0.9920913558555066,-0.18613403742362267,2
0.6110306601766093,0.39930899084224075,0
1.7321599841121098,0.37396975576673847,1
-0.5290203530002999,0.8563864303705437,0
0.3876814922039277,0.34608348933515737,3
0.45101269414930695,0.09168487835756041,3
-0.2850936353579531,-0.4026474155499731,3
-0.2890473055707014,-0.9632985053602774,2
-0.3727542268884622,-0.2348190193358516,3
0.6828793810558655,0.5649297482887924,0
-0.8037944552046691,0.7754735704972966,0
0.8956043349222673,-0.5350519147423368,1
-0.5275840978843249,0.8637173732903133,2
0.645468506176251,-0.41144465009786924,1
0.07727102336213698,-0.528630459135027,3
0.14949387046757565,0.9908792533008551,2
-0.2527277501694516,0.452504100664803,3
1.8770794936104322,-0.0819938747703805,1
0.5026409925061335,0.8858793965015652,2
-0.29428848416380476,0.4405482389205655,3
0.0028298955624763804,-0.4863337122490877,3
-0.4351946281680524,-0.22620655065252343,3
0.9037102114950049,0.3605870776748516,2
1.3909591057655541,-0.47958824744942324,1
0.13778936064007952,-0.4886890699001357,3
0.3609257410816832,0.3417159456851029,3
0.7186805885053886,-0.3580613157285744,1
0.5912838963797356,0.828910835761228,2
0.7196738218913787,-0.4081973267655186,1
-0.7274676939717876,-0.5840388657950917,2
-0.5381524191829506,-0.8527755554089762,2
0.28206908660355234,-0.38110119075430865,3
0.7036114833231834,-0.2997155859455206,1
0.30718843493188314,-0.06021678043042533,1
-0.11930369552798428,-0.9853075070402495,2
-1.0955141552145888,0.199826402532841,0
1.2901624256478883,-0.43544882886192177,1
0.8201197696382322,0.5479108205792192,2
0.5695176581311256,-0.45509873206044404,1
-0.5003895257544237,-0.14967605367098605,3
0.23666499440547534,0.4747438114373543,3
1.833186822135884,-0.3897513818764018,1
1.1755240631751716,-0.4202317508695385,1
2.0509379758162503,-0.0722209649411511,1
1.4188113265619255,-0.04657634656158116,1
0.8646899202947853,0.5055503234608136,0
-0.16640786265251858,-0.4247746285595011,3
0.6975873026695407,-0.02436400419253823,0
-0.43201494542574714,0.9172697854896161,0
0.3496044463288638,-0.40699914670826515,3
0.8265913100251218,0.6484862074932151,0
0.5108984497426534,1.0056019906281564,0
-0.2898018159866516,-0.43370122701938457,3
-0.9850490669569213,0.11895950482308912,2
-0.9487572981544858,-0.10644747214062633,2
1.1306665642544045,0.5004257061271806,0
0.7384218844551469,0.5403244658602491,0
0.14030198682573425,-0.4264452240243048,3
0.8126647424181805,0.40632241359779003,0
1.8263233541206665,-0.26335863450848573,1
-0.18013090604080112,1.0740936703545256,0
2.10548455918561,0.10309117052669901,1
-0.11894087127508328,-0.4675241585942675,3
0.47550749052220653,0.09896843815126108,3
0.17620360286351724,0.32650802540239643,1
-0.041877893953390845,0.5224131542442626,1
-0.2361435187086786,0.40916126059273916,3
0.36649630424534463,0.7380299168855133,0
0.3641106494897269,0.8969739675382339,2
0.4422789937543926,-0.11814170018739477,3
0.31762771958051145,1.0561412456733497,0
0.9732752630105187,-0.1877885994191352,2
-0.38037651305666403,0.996489960580765,0
-0.12148579609572475,1.021509053509069,2
0.279245448110134,0.7778386381118814,0
0.2529815610031932,1.0082696779187474,0
0.7230944360248055,0.4961936369419778,0
0.21287013963970777,0.5770204797577028,1
1.7059335918113718,-0.3885260533238558,1
1.9097084555796122,-0.11213293075833726,1
1.8657523344206004,0.2868361977299928,1
0.0460431811205857,1.0351578040814593,2
-0.2036903852173955,0.48940471472700303,3
0.4447235530720306,-0.30070469384984294,3
0.22065740107752405,0.012831513079125313,1
0.2003388370972069,-0.5003000743445434,1
-0.23239777346324675,-0.9309212768157908,2
0.4674526741971351,-0.15709265055197474,3
-0.9378029800387315,0.3705739762383437,0
0.8060223910585084,0.791408193158341,0
0.6381077753722246,-0.1633625835101995,1
1.9482283820771562,0.33655488304348175,1
1.0142121304482985,0.09331462892637754,2
1.2747657223502096,-0.37148304125994486,1
2.0982046385354884,-0.009383467973999943,1
0.9693383101878805,0.19200453963255873,0
0.2813116301920711,0.911168920337271,0
0.14381375554644668,0.5429469869300871,1
-0.9514142735074894,0.1775202050992729,0
0.5266081895185657,-0.021979400860552605,3
-0.2720408918909344,0.4532403521693558,3
0.6935828991489786,0.7095072656243863,2
0.625540662054658,-0.4420428456107251,1
0.4680486333502131,0.117187236248948,3
0.5137740914314981,0.044213136768975814,3
-0.9156292067170092,-0.3349477033679854,2
1.1705634709915946,-0.22559214007592607,1
0.6368049665038,0.7459096592974963,2
-1.2357091488182883,0.37512173489339484,0
0.09373048250191016,-0.017418248831787123,1
0.230417167199221,-0.4669057604294526,3
-1.062043640666242,0.20447919009701807,0
1.764493518951845,-0.3546382246664048,1
-0.483363604380993,-0.012320702358639146,3
1.5633809915482588,-0.6128580271452424,1
-0.18613276003319487,-1.0095711041475834,2
0.5497098855494968,-0.14475322489037068,3
-0.5500183217467391,0.6866369537002373,0
0.4674015065369498,-0.11748771874485862,3
-0.6657218334869472,-0.718499125250778,2
0.8760314260735002,-0.5336831208128621,2
0.6015459286036817,-0.5510448308714704,1
0.08241930209388917,0.8466871506766639,0
1.7078330242576913,-0.20874718478546606,1
0.5167804096017179,0.8977657070938234,0
0.8080242623673362,0.5931649359420614,0
0.09429459372021079,0.9572721802598008,2
-0.005042100966451607,0.4042879888771969,1
-0.2852501497364149,0.966377537710076,2
0.9603624599916555,-0.4317986014043217,2
0.47386430998829504,0.8212353418226328,2
-0.5101332578856641,0.11071519240331062,3
-0.20083407051258828,0.9535661338141352,2
0.09660937094744386,-0.5052311682900686,3
0.547658940788468,0.7850355358347265,0
-0.7749928907428252,-0.5910046973446337,2
0.22736111763422906,0.4750098831901381,3
0.28661577956384626,0.9797387052842012,2
-0.3148347790745175,-0.904070853961147,2
0.5586498801563609,-0.7968123884153511,2
-0.10504757718706396,1.0160413078072175,2
-1.0033846946611058,0.07126640673375659,2
-0.06448867557928045,1.171072698139432,0
0.5882280398682709,0.9459465463236743,0
0.8714223484554485,0.10247224983642986,0
2.1896988036755616,0.3515506113453317,1
-0.6821978517935039,0.765027662749839,2
0.038709157588712476,0.06005152703517186,1
0.958413522495122,0.002146504175291074,2
0.862349812367398,0.1630720081811253,0
-0.9030502907184552,0.2882852358251707,0
-1.3316423060247604,0.004375138739401416,0
0.10733383181294204,-0.096976840113321,1
0.8607808839678068,0.0001506312551251554,0
-0.08582996700675996,0.5064955228512744,1
1.37833387113986,-0.49476603885912834,1
-0.2748728808396619,-0.4518902793535268,3
0.9132320107136093,-0.21922294926077182,1
0.16096479343556203,0.00034051373458168777,1
-0.08090786461225966,-0.5048630270997791,3
0.0044100331526166145,0.20291741563991705,1
2.0841575420637746,0.147454514009352,1
-0.7914964176645776,-0.6810749180246018,2
0.21417001481972245,1.0481867288750832,0
1.442836778157093,-0.4865325357195467,1
0.11615514613854623,-0.521636967411318,3
0.8930461672619269,0.27279511942555623,2
2.152470310747276,0.051603749022179214,1
0.4179313405026779,0.22869569153615765,3
-0.33789608035819524,-0.3771688694651739,3
0.23551674258996805,0.4268744553055407,3
-0.5837677357813498,0.8648735788741128,0
-1.023278675314724,0.31067331596606507,0
-0.5220321875799392,0.8817833093166472,0
0.0751532719315008,-1.0226359226731052,2
-0.3218555157125676,0.8999383310877298,0
0.47651736342276835,-0.07629637060103822,3
0.07552584784513436,0.9020008564159073,0
-0.07794675812342758,0.9739260666153174,2
-0.8395074999491272,-0.5318356148727977,2
-0.4829942570815349,-0.17291952344463296,3
0.09689924492709712,0.7913871704851475,0
-1.0050066771177835,-0.18409004789838104,2
0.2526567989448354,0.597509538033316,1
0.5998209325568921,-0.5330367101823695,1
0.2283749132761188,-0.1583268324863323,1
-0.37724684073463427,-0.3755439152493474,3
0.5363465476288489,0.5763358280776455,0
-0.024147906700480865,-0.4889845423287935,3
-0.748444367168522,-0.6701302427063663,2
-0.621774241415324,0.4918107089707685,0
-0.2273748182288509,0.4216045961880044,3
0.09045807642049991,0.40451909686336823,1
-0.3969445308186322,1.0407390754066477,0
0.02904419171114741,0.1572800042668887,1
1.3764075935021525,-0.3068556524210198,1
0.04832767036829773,0.9737980769059078,0
2.1167124674755176,0.23520677941438656,1
0.977248814929411,0.31067657722159725,0
-0.42975180667778606,-0.19040431821679094,3
-0.3304660644858131,-0.40097686066604643,3
-0.04107623895897949,0.3632357122957185,1
0.0645830750003378,0.8188669452775468,0
1.8494508499331657,0.3158448126594775,1
1.5855737742021725,-0.3849099323104512,1
-0.1739083729491685,0.6225506690261665,0
0.7679433337504726,-0.6660701778150759,1
0.8595408125468846,-0.5214109976272017,2
-0.7407390794512696,0.7024880485080033,2
0.020812076798635698,1.066666536084404,0
0.4975276412270338,-0.7993534166441794,2
0.6950187302514643,0.5405191508533324,0
0.6490640261163854,-0.30797137440981415,1
0.94331924049236,0.31646544829447115,0
0.5126172566476285,-0.2638703413535534,1
-0.6011914618015951,-0.8196873531186303,2
-1.0839496276452374,-0.18707535756960086,0
-0.21874813157320783,1.0097276194846876,2
0.635257291137013,0.6132705590068992,0
-0.35331031920918754,-0.3829199712376842,3
1.0160591626001412,0.5322168358033765,0
-0.6425973391377765,-0.7844136983819694,2
1.9366646992395729,0.14053972194826536,1
0.03987440373755016,1.2538363802199783,0
-0.14230960019222347,0.8233540048697585,0
-0.09938639290958795,0.48689344725754563,3
0.9041555241162506,0.40904291759638506,2
0.21510930506456385,-0.06756466791938681,1
-0.17282611484022148,0.4391062772252061,3
-0.5013791002375143,-0.03439994143562704,3
0.2040218889365728,-0.4605836848640107,3
-0.314924605717798,0.9964703585650357,0
-1.2923113639986208,0.4181943206846812,0
2.0794120455450904,0.25099352987211665,1
0.8262784559290809,0.1145376747368749,0
-0.3270157304278667,0.36212316582043197,3
-0.7777319540764903,0.7380102491070849,0
-0.1292643857742736,-1.053171908533243,2
1.9232111615400618,0.46311476641011684,1
-0.7185427161366694,0.7194523689673382,2
0.36648616833374204,-0.43758028308939073,1
-0.021258226139802827,1.0902653294549978,0
0.22518512645735111,-1.0192849571807185,2
0.6441577266052692,0.8450383397258769,2
1.2101892511075523,-0.35127059582236086,1
-0.9744108694628705,0.12533480975248568,0
0.4627407319436183,-0.1919568480042689,3
0.30626100637680814,0.9265254859380901,2
0.33692769050094706,-0.2863626955174182,1
0.8194197617483348,0.8766414697906333,0
0.8889289193821447,0.43251806512674323,2
-0.6676860806103099,0.8509060315267825,2
-0.08156810965498576,0.4822111855364014,1
-0.5142270560158335,0.024304617651986694,3
-0.2346021418740808,-0.9640011539012607,2
-0.45518871317258297,0.8561087166147819,2
0.41069335640642546,0.249237815339432,3
0.02715064413755014,0.6616590853027841,0
-0.9283675118190355,0.2774478611660426,2
0.6170807130141841,0.9493889911676877,0
-0.8468294537602439,0.5413975726712283,2
0.3143537463820416,-0.477791746577936,3
1.1103430767841858,-0.5378221780064831,1
0.5418790906924575,0.045562344185453046,3
0.24620640845245398,0.41655343025089114,3
-0.5961480045531709,-0.7401368627441743,2
-0.5141115672390948,0.8717733063737297,2
0.3929561420106821,-0.29589388889311175,1
-0.6708527986245374,0.7246539766355856,2
0.9495517971086913,0.07874511698342725,2
0.9709580434487697,-0.30818838322977044,2
0.33916370249166305,-0.35004944664856996,1
0.02174582844687556,1.1346769800569183,0
0.36608116568388005,-0.34493636709662956,3
1.8583678630881606,-0.17444495242678945,1
-0.27700005728662935,0.05255198105625769,1
1.5357959191088226,-0.2389595204135282,1
0.6392410047112826,0.8142475262780108,2
0.9259403965162598,0.1938416241105846,0
1.9435032387391442,-0.10339293523885772,1
-0.5382981577130145,-0.015820568667345804,3
0.3974335613491948,1.0611878789737867,0
0.9771862737085176,0.2759346191199303,2
-0.43215138379679696,0.22683919609025688,3
0.09987323401113622,-0.49956729778445014,3
0.5410260378183,-0.7964580340060049,2
-0.012280706569132518,1.026658260693925,2
0.9881872221313852,-0.15638187950026777,2
0.7368156478515068,0.9106127844668601,0
0.5857195583392137,-0.3816957182641169,1
1.1089000219589218,-0.5190147155640452,1
-0.6197364698803913,0.9427163978477321,0
-0.5692023972275735,0.8262818041185559,0
1.0086580676565091,-0.4255490009487296,1
0.5275687156979786,-0.3774717538522192,1
-1.1352555168216754,0.5768403370634725,0
0.44032718498712214,0.2837856913787318,3
0.9656931391176243,-0.1969806502217888,2
1.0176914212872443,0.3102089150225293,0
0.07677835907650728,-1.0177852038008015,2
1.0048360449130898,-0.05878480924994684,2
-0.6633976810694476,-0.6743583608506795,2
-0.1015768081353767,0.4376977650484323,1
0.5757853327428615,1.0143419645108276,0
-0.9850553379853869,0.6907605632605226,0
0.8428667408080918,0.5171103191377158,2
0.8350165501155544,0.4147876447263929,0
-0.9051489321919881,0.5995408805900077,0
-0.9323426546068923,0.459711364093284,0
0.4605036069549218,0.20598795271464485,3
-0.29663270451253004,1.0141954133231936,0
-0.4002478772621615,0.2926429779288049,3
0.926390287326824,-0.283542417219092,2
0.25201327058687367,-0.459831728110175,3
-0.22398960135813173,0.9929932641567514,2
0.5783384435101008,0.8412315496152998,0
0.9635571656685864,0.42645278965609046,0
0.3983040588842927,0.2740819839390085,3
-0.6530576396996636,0.40881467498171997,0
-0.9535169191198032,0.00021435645554301885,0
-0.5568124734755446,0.5907539744692947,0
1.3844666911906942,-0.30833158353669493,1
-0.7885744733936726,0.6872374451965617,2
1.8616657030189812,0.3773453996802912,1
0.6584404232844098,-0.7080973666336422,2
0.8696188522792092,0.520925943621553,2
-0.43464552876946944,-0.9002575870587205,2
0.042242261101407795,-0.558081391596202,3
0.9394833790862214,0.4336550925938913,2
-0.49066034951860943,-0.23686465163431092,3
-0.4792868474515086,0.1652088814825891,3
0.25439805298305274,-0.4488234120926952,3
-0.9530711364792369,0.27037873014990965,2
0.277475854149636,0.8976311329772366,0
-0.5403772106089304,0.8127420534602703,0
0.19992889122930452,0.9942996116058418,2
1.6934777297631367,-0.223919261469694,1
-0.4899204015557887,0.22150545668510233,3
0.14385480200862,-0.08672361453440997,1
0.6371685366133151,0.7524849264390222,2
0.8963838823045193,0.08530917062375781,0
2.137657048829686,0.5218988488003813,1
0.8460227902002934,0.5004070846707718,2
-0.07617009558051767,0.9774292749120036,0
-0.3752922220870303,-0.31347432171666667,3
0.8429717159333834,-0.25436205747791873,1
-0.10989389247415922,0.4500122576039072,3
1.323478090822612,-0.44450668189537146,1
0.43154808090932956,-0.9092737387937726,2
1.7089902204981517,-0.06324519607169203,1
-0.4332406807789087,0.5439903971200255,1
-0.9090483931626677,0.4572436309238883,2
0.53180639690694,-0.6055574740914207,1
-0.8859017277669708,0.46121261847526024,0
-0.4662400410865466,0.20207454688753926,3
2.0165702849123073,0.3276111904227518,1
0.3634101049991747,-0.8663900978863083,2
-0.5712470166475926,0.8236004558755062,2
0.9135482735043154,0.24027440611230544,2
1.788354828185234,-0.058135464258545655,1
0.8323675097663864,0.6985523978472805,0
-0.6173828036046437,-0.7897588810976918,2
1.8481550762338768,-0.012262103632276991,1
-1.0547671124082938,0.3532050526558338,0
-0.4399167994338851,0.7794163280196817,0
0.20483238509685192,0.4607548759176613,3
0.21568199238125138,0.4819066082388909,3
1.626613510136017,0.2927152847325991,1
-0.9900426424524824,-0.3340456246154383,2
-0.45378363794006177,-0.8485471139792254,2
-0.9503445841127713,0.40668255852467206,2
0.8626197550536786,-0.4564378016623437,2
-0.027783746669917328,0.4968163804998894,3
0.47534575187307854,0.06278940701241582,3
1.7716058625239808,-0.22854569882769327,1
1.9159436937206769,-0.4698486633584174,1
0.3949342809320832,-0.30060386370746095,3
1.7551411489850468,-0.15633003806920942,1
-1.00064635351676,-0.004564101705834805,2
0.4844314994963164,-0.05397634696024274,3
-0.9913142696011615,0.14249601691645172,2
1.7827911493588806,0.41168152353241094,1
-0.46912971024042244,1.0004167918147437,0
0.06981860506049047,0.47417359913979884,3
-0.8852495751051725,0.4835495692023816,2
0.1135475865651866,-0.45394382116108345,3
-0.4074142078312078,0.28227736946891896,3
0.5900967468335645,0.6255722498088125,0
-0.007254569320751414,-0.021136520417025177,1
0.6929584792815324,0.8157420410659493,0
0.40535226707526684,0.9112720844472433,2
-0.006629402995526765,0.48398104705386635,3
0.01633476261099165,-0.5271964669177988,1
0.39886499362648853,-0.2769896205880151,1
2.06022514812154,0.3793713825375747,1
0.9230670370315028,0.23695162158280877,0
1.6812275559959253,0.07070359109991096,1
-0.8960287301161242,0.4504668425744185,2
-0.9157979127938993,-0.3706220463344625,2
-0.7899695269068998,-0.7130530171338897,2
0.8751983646158285,-0.5042779186954168,2
0.6365843441454425,-0.7857786875748006,2
0.4815688553149771,-0.09627992235991824,3
1.0441336080894172,0.11020288647733496,0
-0.3211774637677906,-0.40121216337713733,3
-0.37746691171496494,0.34883887654507567,3
0.7871395733258171,0.8641344151023017,0
-0.9452801476386841,0.15797878908024587,2
-0.6194813922246931,0.9875166954015693,0
-0.34508201347834266,0.37255003085792465,3
1.009096915405487,-0.2197048507647552,2
1.2634399525717546,-0.49396494934212687,1
1.5140359733408613,-0.11443353362409875,1
0.7584127912851786,-0.7182075323240764,2
0.14519488060573374,-0.4258952954388726,3
-0.25776668262905855,-1.0112825914208,2
-0.013768914293832257,0.4932742229323829,3
0.7261995310858415,-0.5076216605433947,1
-0.46795209614517563,-0.1717845247144217,3
0.8971663244048598,0.04617183120129045,0
1.585494071898375,0.12784468685178535,1
1.6941451080337369,-0.22765826924514293,1
0.35450503774024916,1.161270368390086,0
-0.4992366161026123,0.9629585063998143,0
-0.21093006691464644,1.0071506926964813,0
0.47595797471532214,-0.1810260748373247,3
0.08548347598759495,0.2603495892192081,1
0.7083458133118011,0.4821700514263576,0
0.08466843429240367,0.7970614423875638,0
-0.7142425071309715,-0.6792177717703558,2
-0.2665170254000001,-0.4281022262640577,3
0.9416004779126986,-0.3800404836898965,2
-0.9147054156621833,0.14122138058898237,2
0.6645780600987226,0.7666595318737791,0
1.151051359663488,-0.06544205535544512,0
0.303932875461253,-0.4137965351783476,3
1.751264689693377,0.47464286459515714,1
1.0337117525463375,-0.046816899105088634,2
1.0171882597501503,0.20274791369095319,2
0.9142504194623214,0.39053349576363183,0
0.5861626858392761,-0.4165407700216408,1
1.006141521474522,-0.08744647224279738,2
1.961298385817229,0.2800654296823297,1
-0.6560675313325746,0.6711352188853685,2
0.4312877478711018,0.2758903518839137,3
1.0640492594535405,-0.2538377768008212,1
-0.007315373272535352,0.9390308281716288,2
0.25213836852092114,-0.23112135341272158,1
1.5771722313929768,-0.22923956137911267,1
0.8889576861923828,0.5420265058892855,0
2.025014370730718,-0.0641354308381497,1
0.9308296046183288,0.3618660106375303,0
0.695812766229498,0.6690971008540914,0
-0.41323972354301564,0.9276431495234827,2
-0.5907855364152805,-0.7798549071174701,2
0.14490745568579844,0.8411022776659428,0
1.2397530537292651,-0.449335476508851,1
0.6569295125470384,0.6875825057867738,2
0.05420255122819104,0.4068196229141946,1
0.38692097148054205,-0.27850189683905513,3
1.9535949175252079,0.01400383486643475,1
1.016654382231894,0.5333086753077909,0
1.5378422881575604,-0.2481914737884695,1
-0.32267362679915684,-0.4050722607191006,3
-0.008719683684428325,0.9160943113308516,0
0.462472443984799,-0.40523284846263313,1
0.3886079029397995,0.30824800969495775,3
-0.7132309578580798,0.9660881305009309,0
-0.054054440348505484,-0.03330570478921402,1
0.9377750768503844,0.2634939901900789,2
0.43483984385243674,-0.11597663166292871,3
-0.7913728199011899,0.7663200953254864,0
1.521223886373845,-0.23351813175956462,1
-0.804596314488149,0.6397930619913228,2
0.49006119580383084,0.04969916925377306,3
0.8471657457529176,0.6025721000599248,0
-0.7550071484362102,0.901160634839604,0
0.2696558264946541,1.038151979027928,0
-0.19919489171639382,0.40712454159233913,3
-0.25373808332550557,-0.3891447530433722,3
-0.9800774417696511,0.3789365795540116,2
0.9107793921938253,-0.691132047370172,1
-0.5008451875119887,-0.03431746682049021,3
0.37479271246822626,-0.2250783221487003,3
-0.03638759416703552,1.112912779951042,0
1.129724793224585,-0.4162205194683991,1
1.8533668396345402,-0.3215213733447426,1
0.04704257734766509,1.1214340851698843,0
0.305103661936016,-0.3929288615591588,3
1.987643543724929,-0.18595591665978436,1
-0.459661064392762,0.9816614700252693,0
-0.39245810234344797,0.9453751473329334,2
0.7450204353353835,0.6411401752763233,2
1.1861795835360132,-0.6364454828617542,1
0.4071247425498809,0.9258682444111962,2
0.10111323268621153,-0.47695066981400364,3
1.5090429617548,-0.28039852564656526,1
0.22209113608421083,-0.4376919705807685,3
0.7011560501401868,-0.45168605150243474,1
0.5884354213324303,-0.787696295512245,2
0.39092356114271626,0.3465183076909633,3
0.48999751488641513,-0.8885337319287563,2
0.2975539213933882,0.9384615148015055,2
0.5931279308497904,-0.43241060711891444,1
-0.547603168539428,0.733734293652711,0
-0.44985122504587327,0.9620739588369515,0
0.10832193045248716,0.5003418805783221,3
0.23647013649279516,0.3959690696385708,3
-0.5262279325660855,-0.10131508358301292,3
-0.9282419456730779,0.022219053456883575,0
-0.5987331998536755,0.6287727920452302,0
0.874250364015106,0.4060964795550019,0
-0.0004786633331095346,0.91434433745737,0
1.0588848942330302,-0.7411206548885564,1
-0.30075167750450005,-0.975012875763339,2
-0.8836559896366983,-0.4677563566091295,2
0.5694666038619414,0.8447677588470264,2
0.34228136154285993,0.3917505797224349,3
0.04645588610893017,1.0569440142811422,0
-0.10940934557671377,-0.4994992368241138,3
0.20313665784559531,0.9526774182881407,2
0.5296298391480193,0.1835908068164968,3
0.1557403398868197,-0.9335187024165833,2
0.3580655963260148,-0.35149249865425414,3
0.2116777040229942,-0.3143793347894264,1
-0.8321357248094554,0.48709277376282734,2
-0.1790650637001364,0.8732660667890562,0
-0.9588316692102474,0.5141467049860615,0
-0.24854699412012976,-0.4346829590245201,3
0.08299191976390698,0.49498857415333114,3
-0.08068596576940665,-0.5153256521268385,3
-0.4754762570501114,0.9189881387216632,0
-0.2230417165142579,1.0549860209324193,0
0.2282316613787252,0.13984962910844564,1
0.28558566095234506,-0.40527016857900844,3
0.9238468461295491,-0.422233896831075,2
-0.9972445972917738,0.33344107385260424,2
-0.5486705921377366,0.12587471527924837,3
-0.20060591363438784,0.715832370883837,0
-0.7646078800094386,0.771837928828909,0
-0.9299977899784038,0.01777327526353457,2
-0.8264399397555356,-0.5211592003339157,2
1.7705245262905933,0.47536401389612026,1
-0.4756060262654611,0.8716868110133764,0
0.7431136523261517,-0.5783340717055279,1
0.9160257885628518,0.3899937422857312,2
-0.41167346290597834,-0.3524873028325824,3
0.41277006240926145,-0.3121905691861044,3
-0.13329170256458409,0.4661548345054952,3
-0.34052901970086435,0.32808301942039786,1
0.5937251755219588,1.0755036651372332,0
1.3420063522864207,-0.39258637755251935,1
-0.5128059126936183,-0.013152803507213314,3
0.6980233551996459,0.6951223869979207,2
-0.8238723156824151,0.46799452145658393,0
-0.15373869329108525,0.9810877847802848,0
0.08129241653109699,0.23790071034120602,1
0.3625613321387874,-0.9126995874978865,2
0.2783380116062465,0.9609058211692348,0
1.9248132998640382,-0.4686270228570165,1
0.2722249287503343,-0.31701814405685885,1
1.3438131395571569,-0.5384853126848222,1
-0.6416046469691253,0.8503212948694925,0
-0.037646499381308984,0.1754119682455485,1
-1.069019691899819,-0.16402339878448344,0
2.0184143668618177,-0.30294234000914505,1
-0.5804265653144753,0.8585216800455311,2
-0.4061763337278765,0.1768198440297327,3
0.40958088801744785,0.0006150683262613199,1
1.0822074653942466,0.5414449875580588,0
0.6357897774891502,-0.41689094967256424,1
-0.35990092014135394,0.2511335081345359,3
0.2810566523044019,0.9638244328164376,2
-0.8249526435522837,0.539526345398849,0
-0.2659969414327932,0.4214346541619809,3
-0.9334232188403072,-0.33815365544254883,2
-0.22945171181363047,1.072708953091751,0
0.4714275005793581,-0.23238421739196427,3
0.26833715470137465,-0.9882155618882729,2
0.22806560276701845,-0.18410334891318547,1
-0.5177575231307758,0.13568205913422454,3
0.8625742268914283,0.44258326169863293,2
2.0832452438629105,-0.015416628186385187,1
0.43080847644067666,0.0033066007924535193,3
1.110331758501628,-0.48693595325400013,1
0.9066160275068059,0.31795054012092006,2
-0.9665751914413678,-0.22562156563424723,2
0.8812459233793818,-0.5570330629238085,1
-0.38355604810430494,0.84389980011814,0
-0.28505261139974275,-0.3616882879130816,3
-0.28882552092428576,-0.43241108951722196,3
-0.6219231058254228,0.9788765074642016,0
-0.07326426660737634,0.051067851427952615,1
-0.3681862232767284,0.35112002017118543,3
0.6923610351251899,0.7071359086223992,0
0.08948916792791932,0.744187282954931,0
0.5768330202039165,0.8333824541154968,2
0.6810867112843638,-0.7356915219448056,2
-0.811364069834216,-0.5458187387127222,2
-1.098547543177187,0.7553626407435239,0
0.1882019697871181,0.7284337898405211,0
0.07082513588196725,0.6079540195175044,1
1.9238545433149232,0.3117525008751647,1
-0.2359433344582536,0.10904001443576761,1
0.9029135765446324,0.3365284453074958,0
-0.3989482705847924,0.9911302489028032,0
1.3633193673716701,-0.36109508401943907,1
0.34566100412334133,1.344431251628077,0
-0.22524042058698107,0.9697401942850019,0
-1.0014920933272466,-0.17952596985901215,2
0.36474943985649466,0.772323152613288,0
-0.7710481083073785,0.5767213741921381,2
-0.8228153498609982,1.157835459561755,0
0.2640037621957226,0.9888645251045436,0
0.9381981837169412,0.4500439597159208,0
-1.092376454679686,0.5158668150137212,0
-0.38271544809144986,0.8796822868397767,2
0.36961040894884933,0.21459239848725328,3
0.5853906991466667,0.820306624346734,2
0.7578253527020296,0.900756937199445,0
-0.2859758377263235,0.41356006438527226,3
0.7509956975290837,-0.6061176124700929,2
-0.731039164079139,0.894532868223967,0
-0.5258123898144101,0.09564870315313889,3
-0.8278093279060735,-0.033042361177315016,0
2.0155932675342143,0.3054473146016481,1
0.3328855254135064,-0.021564334044147593,1
0.4964653915256194,0.8965123100422209,0
0.46387764713686414,0.15555183084928698,3
-0.028343187160774566,0.4318320367831815,1
1.1186383644496134,-0.04899612007312873,0
0.5537481998418343,0.00043563840101600547,3
2.0603678557391394,0.1677486533541923,1
-0.44733016942206677,0.299263519530623,3
1.8788291826346581,-0.15275762645357432,1
-1.0403517455409732,0.4899925345949441,0
0.3793982769370362,0.2980390920763936,3
-0.42542796594814924,-0.20637204424488909,3
-0.4901233726415799,0.9208120514899235,2
1.0899715613863257,0.6507930560716955,0
0.527800303757002,0.8416605415952143,0
-0.9956126315668603,-0.02018279114054085,2
1.764413267919437,0.15774301676081515,1
0.5857422707000193,0.8067671292303334,2
0.9921499311806656,-0.06899221838411945,0
-0.44924448597374017,0.2378865662442231,3
0.265224085772315,0.4617666926158259,3
0.41802866493171376,1.1051808388447741,0
-0.8181572892175989,-0.1847504514909555,0
-0.7683519905493641,0.5930644219834998,0
-0.995970489766518,0.39965512463788144,0
0.38275370941965803,-0.3007883529076433,3
0.35208679169001633,-0.34818658263830526,3
0.7921817289060872,0.6215741527838767,2
0.1014729462320029,0.5268872783882568,3
0.22944804589380316,1.2653227705731385,0
-0.03451769828660357,-1.0451060703147306,2
0.42608669282901596,0.25811927592656797,3
2.161025842844913,0.31142195735286476,1
0.8080723621639422,-0.5884735930987232,1
-0.4640995712078648,-0.315834374092201,3
0.36608864228603677,-0.8654370640174702,2
-0.22672012908494682,1.105086255370876,0
0.6319489671442193,-0.7346633048174849,2
0.2279039713651553,0.4208157646136598,3
-0.7718792638981414,0.6344316293793898,2
0.11766102502609774,0.39574930724318874,1
0.7809627136968209,-0.6012528178477172,2
0.250541463739721,0.7480859543695436,0
0.48908266171392817,0.06910119299049015,3
-0.6421001301658269,-0.7453744107773589,2
0.4904691572708299,-0.08035937669795148,3
-0.4181588409183661,-0.2535746165487017,3
1.0530438071347779,0.3546137709470283,0
0.9559775176522679,-0.13702806911140275,2
-0.3195631758581035,0.9777933823760363,0
1.2311716581710526,-0.5334803014476324,1
0.8560669851206197,0.5499430463215298,2
1.1482531380311671,0.1060876919966472,0
0.7524242607815367,0.7182512909753089,0
-0.47467371030273886,-0.2254285508976957,3
-0.5952198281814679,0.7028204031028883,0
-1.0016848308229964,0.06926452630009262,2
0.5122607320077326,-0.10114157541579756,3
0.08456436106306953,0.3775042750916108,1
0.4039342862100705,0.08400450949580852,1
1.8348746433613692,-0.09926701052201638,1
-0.9108606418767069,-0.3503035625653767,2
-0.5019220289972603,-0.014244515126907734,3
-0.8768850169379078,0.31216008272105206,0
-0.033170590876906464,0.5070698445603341,3
0.8731719273651687,-0.5425200091126335,2
0.38806270431708206,0.03632395846189662,1
0.28661211556205446,1.0024921229384158,2
1.8484415706432165,0.25380363211788265,1
-0.35965004190324823,-0.9635093209468375,2
0.18778717634018258,-0.4722146087421286,3
0.7037413634799761,0.6842987636921872,2
-0.4408036197922046,0.26851732514045246,3
-0.8440473057674293,0.6171758951671877,2
-0.2962289186522096,-0.45500155893759553,3
0.4401826911053234,0.2253601945779955,3
0.2701078404390933,0.4257090621638193,3
0.11036549640251009,0.09925740662494678,1
-0.9759975881614268,-0.08227045888692516,2
-0.3485289442292705,-0.19360581359929188,1
-0.9078576984698257,0.17816153722562908,0
-0.23767681916121244,-0.98435732274802,2
0.9400657449087781,-0.6853840111931654,1
-0.20226151400999307,-0.4232842973687597,3
1.505821307719278,-0.43470973204658836,1
0.30961042394714366,0.010096983404746962,1
1.8644067060425455,0.3866400168597163,1
-0.1220668281682637,0.4639323247885992,3
-0.4874073208337497,0.249934222955765,3
0.9305318200914099,-0.5020583396629688,1
0.744334323954659,0.6612337280081003,2
0.5264882989462506,0.8369583477611979,2
0.9571073719716466,0.0744105380607451,2
0.05022390095666112,0.7712857918657376,0
0.2823466479915044,0.4043539674150359,3
-0.2125380569873734,0.4967569354351661,3
-0.11793792769351683,0.2916776613780894,1
-0.20964381067861199,-0.44666682395096835,3
-0.9721760169641782,-0.37756020659959416,2
0.2802404770913487,-0.24830602560496084,1
0.8983334881507329,0.9792891597996469,0
-0.03974961390907521,0.30378862031569376,1
-0.07927032872873757,0.47366672005012916,3
1.9290117373240385,-0.10175045390014176,1
-0.44168386516488733,0.25842350513720647,3
-0.46088421754775344,0.2507871304220878,3
-0.44526539914265845,0.013763139638109398,3
1.5882929492046185,-0.31949426033673256,1
0.3873156298247928,-0.37663133376678865,3
-0.46645911651185784,0.12581622477627286,3
-0.7604302348514318,-0.5796074803722695,2
-0.7808912443540753,0.3951181033308595,0
1.7658344298199429,0.04540903448303965,1
1.0167698425766,-0.19640843516656548,2
0.7551796587920646,-0.3732610184152923,1
-0.488776742466389,-0.09299649559991736,3
0.8880639107866255,0.3301813290197905,0
-0.33663046112764233,0.9227346409390528,2
0.04206903518354829,-0.529687848615447,3
0.5421487979666282,0.6943306422346402,0
-1.0439590379203083,0.3704178589184888,0
0.16898992665702467,-0.5003737232113228,3
0.9165909719285179,0.3646337214889568,0
-0.02876597547183682,-0.5555818558903822,3
-0.24309682137816496,0.9562674640130756,2
0.01982011512729672,-0.5370183803346126,3
0.2728403846580368,-0.38905393791145565,1
2.0821013930201424,-0.006823678594758617,1
-0.7848799093505632,0.41986137991806155,0
-0.03355274850803221,-0.4866194948155824,3
0.08199052958808703,-0.9706101529398746,2
0.7051355339596131,0.7396145165541734,0
-0.4752100587689869,-0.03463324224923794,3
-0.6638095437432544,1.0997139827571938,0
0.44391891010699014,0.9073658077185633,0
-0.4701972987424957,0.7874937334369063,2
0.9446954292008631,-0.245992840763051,2
1.2973556545559,-0.45354971004692574,1
0.08133610120424568,-0.4504731234579674,3
-0.4630527384692815,-0.8485435978128122,2
0.025509082741582444,0.23077734207485984,1
1.3277944788801335,-0.6317383290691557,1
-0.33128565330282717,-0.3535513142559064,3
1.5649753517383247,0.1336023910106747,1
-0.19892657104413838,0.9962064192163925,2
2.079494055512558,0.48001171503811346,1
0.39108639986359517,-0.3435703726255492,3
-0.5613675728081585,0.7085366239129397,0
-1.0083608783119111,0.04011969931756884,2
0.13628306169484763,-0.51456980273912,3
0.35302491632505395,0.23602946151756105,1
-0.4325136204920369,0.9914940004548289,0
1.860106189461313,-0.30777690804401014,1
-0.15503153335721764,-0.48558955183665115,3
0.49875283189006686,-0.09364664086856428,1
0.15168144882118045,0.8656933200906426,0
-0.4720892792490176,0.1760999302462543,3
0.47845211229657575,0.9367734084221042,0
1.370311480882707,-0.5024352520514636,1
-0.8676005894206437,0.3138828508226859,0
-0.32271014882242866,0.3775320461990658,3
1.1697776980985148,0.10302684574482913,0
0.7024037225677496,-0.3407353032060463,1
0.2684691050409444,-0.45148531360377536,3
0.7697306241007644,-0.33332864106556337,1
0.1742296572560056,0.42948002913818395,3
1.153335500953307,-0.47066400017094984,1
-1.152061946454889,0.33495874416383786,0
0.010534724130613363,0.4376208452576039,3
0.13100246454942563,-0.9677798260342918,2
-0.0447861280279057,-0.5193962029814985,3
-0.19084417416133792,0.9711501190652453,2
0.8602279056815847,0.49795440105022293,2
0.6168153105377197,-0.7609482902823346,2
-0.4303870738076247,-0.2544918167202857,3
0.4900809119077417,0.8508418125633389,2
0.2608231746690495,0.9909008167678833,0
0.7058515068453992,-0.643578271815115,2
0.5929672309305218,0.8907229717842206,0
-0.5801971478645205,0.8071136124566232,2
1.1019917038924518,-0.469451945674262,1
-0.004516769896928008,0.9456506985220982,0
1.0873333617418544,-0.38115924996567474,1
1.7316880677721906,0.5835934850296773,1
-0.8219057081060736,0.6668468680997456,0
0.9666733203493367,-0.03727125499784005,2
0.196771311913358,0.07905259060676259,1
-0.41701348989250653,0.25085364716533876,3
0.9702589518548469,0.3668833221445936,2
-0.8964804756693006,0.3983335835664961,2
0.420846616505782,0.08650661745346339,3
0.5331133362260921,0.018038438112856638,3
-0.9313769820349368,-0.4296886625660931,2
-0.4693075818656847,-0.30120884094934114,3
0.47754636465701716,0.09973121016966996,3
0.028419733862113494,0.01235057494962706,1
-0.2493017105301949,-0.9878867825447335,2
0.053779704886654435,0.973883120928462,2
-0.6810119114798626,0.7024938200205076,2
0.49704426812465624,0.11564415519795662,3
-0.29633827217090897,0.4421783295143634,3
0.9716894852878131,-0.31355646379238833,2
-1.0086163071786205,-0.12403050619995337,2
0.7146219602242344,-0.6722806820542127,2
0.8899592152973363,-0.563924048542742,1
-0.4798380788960025,-0.10762321732940569,3
0.2705824645184781,-0.4724648591077538,3
-0.0960696386172675,0.4564186682101439,3
-0.42487460445290615,-0.251547999649576,3
-0.6215920408866462,0.7750254880446454,0
0.7261964585921342,-0.5709683794234982,1
-0.8950652969514404,-0.2906647759239473,2
0.19547554945085913,0.4994881823352141,3
2.052544892642858,0.2500186792538941,1
-0.5077332676044923,-0.24989289721055236,3
-0.9615724598232271,0.14701891334816958,2
-0.6471626528746981,0.6590234873502414,0
2.056524487029672,0.7342599154413205,1
-0.21213207993607033,1.1392630670071773,0
-0.44936580086080363,-0.9249058508863136,2
0.9910988240004731,0.2875420806991981,2
0.7657751862235697,0.5967023276778223,2
0.5087131383326953,0.8325695076557279,2
-0.3136177099173233,0.3793901123162855,3
0.2179864692005506,-0.9514657941517348,2
0.7513776041236718,-0.635002823092687,2
-0.41462479352681614,0.2678668823144212,3
0.37005086373072704,0.9224449506024769,2
-0.5279454918524866,-0.04429995883241177,3
-0.8672907431057207,-0.5131539600094642,2
0.857196082868627,-0.5924900551825822,2
-0.30478013192223613,-0.40993717399937535,3
0.46777124896388805,-0.2179388928013982,3
0.48901535205891195,-0.09157784903648275,3
0.34832794017307317,-0.17330736455938495,1
-0.8057901322051998,-0.07234517252402276,0
-0.07639882337455438,0.5342622858431946,3
-0.4529645799810564,0.03776785741383385,3
-0.6051586455758031,0.7309597706015134,0
1.5223696153646573,-0.14753002549588162,1
-0.8041778495810679,0.013357765817916173,0
0.20507303128758025,-0.44397314940191723,3
-0.40088663014667864,-0.24467231944506437,3
0.10305860606142872,0.4858844688186699,3
0.46266043412831087,0.1657109829846396,3
-0.8528285295415614,0.6868804069722264,0
-0.32215731545883547,-0.3806055226800292,3
0.23157116831766014,0.9251640252875418,0
-0.8972791331605027,0.4673812411591396,2
0.4011253594796703,-0.3798808331845072,3
1.219489820981084,-0.26856081269444976,1
-0.47815141740785383,-0.16488953245010243,3
-0.9424047228369842,-0.44085316617239123,2
-0.10498437019889867,0.2734443534859984,1
-0.3177827726209402,-0.37917013662641624,3
-0.8648244851248994,0.03085758611141226,0
0.38192542394625095,0.27677516551610715,3
0.9557554850874648,-0.4507613318794079,1
-0.1988583906498305,-0.9378518453399707,2
0.7354941550381028,-0.4860458443649284,1
0.5046074836530319,-0.2190977030882239,1
0.26697197922408866,0.37233323220045755,3
-0.5723339720941876,-0.7875472470322107,2
0.43232276818164644,0.1973959309878704,3
0.7734651387175169,-0.4412668987884948,1
0.965616710218092,-0.4017659718269214,2
0.1669776360130929,-0.460285652537968,3
0.35264440987844115,0.8543327798071758,0
0.6144250826155582,-0.549822557057555,1
1.7256796471780607,-0.0640337460568357,1
0.47059387256897467,-0.38431662478137085,1
-1.0928939865635132,0.3198623359882336,0
-0.7610195331245044,0.7850281678745167,0
-0.5213163880492432,0.15548576450973065,3
-0.8047966569772016,0.5430723438618482,2
0.15358753398800912,-0.4880746411468424,3
0.4710489441608945,-0.10522866670490719,3
1.2012008445035351,0.1572021385969135,0
-0.46967690983764127,0.1979602698050265,3
1.375554587869663,-0.6651700863006448,1
-1.0595024599098635,0.22477748243665555,2
-0.949829996429883,0.10032551340829761,0
-0.31400012486900747,0.9425432849735705,2
-0.593713988906096,0.5841657208432809,0
0.809513665258404,-0.0794109608273202,0
0.6937642919383605,0.26654994042152097,0
0.8207498956510064,0.23460566966921176,0
0.024539626118486767,-0.5198721334112995,3
0.11518851654304614,0.48201683687814284,3
1.7471177470752717,0.051776928970385806,1
-0.7399768479157282,0.4442901699584233,0
0.9990959824722925,-0.09176155093035952,2
0.050201830952322696,0.502223187919251,3
1.8073653760097437,-0.1373101435029826,1
1.08222710331751,-0.8608837782699876,1
1.0592042428219948,0.17722612890290312,0
-0.23565202000025554,0.05464528847174427,1
0.024922555450947778,-0.5389428296590671,3
-0.6755605699487174,1.1633639029238636,0
0.07695318202006368,-0.4946068951139683,3
-0.6473875939027786,0.9915275086037337,0
1.0033594478032206,0.19028381143449816,2
-0.13051677130726644,-0.5037920806244293,3
1.8546632598225474,-0.0058862145520740365,1
0.2919530958324674,0.9521266927433244,0
-0.08965972154485204,0.41217769691490014,1
0.4783621337877398,-0.8509143249700769,2
0.8823224784622865,0.1936302363643239,0
0.4383559269562451,-0.25552833373872497,1
-0.05698649261511255,-0.41238669676100803,3
-0.10880454667490111,0.4434777881093407,3
0.5644992807946423,0.007602670810744642,3
-0.5868706946757503,0.7804400758837502,2
1.6485756904873767,-0.2109293021678903,1
0.4540575921511879,-0.13756869641187386,3
-0.751635788609911,0.6778284294086567,2
-0.6853915724248489,0.7022356803221925,0
0.5509607408740552,-0.832909993623461,2
0.2502827193840119,-0.14719271396666128,1
-0.10298795212578246,0.506266011358495,3
2.084896603515416,-0.0012031961989838191,1
1.0334283585838078,-0.11857163296984118,2
0.13911602107000257,0.4750461813654661,3
0.8292874539798614,-0.6753333683286717,1
1.3554454066775072,-0.39150909291414165,1
-0.6844080782827882,0.4417777876410936,0
1.4671306299237001,-0.2615060716675072,1
0.5431520757275671,-0.2867563277362895,1
0.29971554869615685,-0.2945595195466704,1
-0.11701785498109422,0.44128258701724443,3
1.1592377332075712,0.2266510689411706,0
-0.18708184195392244,0.2485603827382685,1
-0.6337565893641979,-0.7870022817309723,2
0.4983418054751908,0.7799067497603981,0
-0.40697475371696457,-0.28976034765351183,3
-0.9629398991412094,0.03963126039944542,0
0.3526676310578422,-0.950963992490403,2
-0.9369518458691564,-0.34343140341232775,2
0.9305837446764507,0.2009889702885149,2
0.02814356385818375,0.4853146121849407,3
0.8719284435962525,0.473475673115741,2
0.05037122457974097,-0.2352994138821227,1
-0.9786550909762228,-0.2723732479720847,2
1.5832034585389443,-0.2676666011319552,1
-0.45646670311900983,-0.20303105912953512,3
-0.7292511241720417,0.5732963440332364,0
0.823238584487468,0.48137582154378133,0
0.06462987312115584,0.24691822367009164,1
1.2907975415915585,-0.44246649347613215,1
-0.015275857214563883,0.5233259372244483,3
-0.7962197693990483,0.28018566365440145,0
-0.8479779773002798,0.3144345371318766,0
2.1770216123954182,-0.1789483731951157,1
-0.4048504747630687,0.3804294741464189,3
-0.5034141717052768,0.17124609808029734,3
0.05377612775580068,0.5001282414316431,3
-0.44499240433023934,-0.27632752232047925,3
-0.9840398358505693,0.05201330009096755,0
-0.9502945408930549,-0.20864772994088773,2
-0.5622913599321845,0.8537590623741357,2
-0.9369941113548999,0.19944234898713223,2
0.24166878608721476,-0.49045516800876754,3
-0.9886238237496425,0.011729695365758203,2
0.39955460064310105,-0.900720393704232,2
-0.06282671090725209,0.47629428588379813,3
0.3645339775436811,0.005446673332387422,1
-0.8215623395616717,0.3770635592669417,0
1.6727808453652693,-0.3057608528006692,1
1.9180043992778126,0.4677919735603868,1
0.011815635047651369,-0.48250477922790486,3
0.10560125717440583,0.5091270834431882,3
0.40212184318807453,-0.23774734071026132,3
-0.7052071085775771,0.7270889187353382,2
-1.0250569980627062,0.37665925413727946,0
0.7931929146665316,-0.5769349547297636,2
-0.8047816633120541,0.5271697751188816,0
0.1862907280804147,1.0490080461756426,0
-0.07783733633878435,-0.5132044851282609,3
0.4861977307884311,-0.4498158410866888,1
0.44621310737538755,0.9426407340524148,0
1.8851706940410677,0.0024903357466607434,1
-0.7311789074265514,0.4015368798211848,0
1.1517945362327067,-0.022768694921051227,0
0.7166009790821607,0.619642274658687,0
0.5913047081203389,-0.7397115776719296,2
-0.23977976509052626,1.0609942932919554,0
-0.06486870967105428,0.12476917149548077,1
-0.08401319864558787,0.1363208820697499,1
2.0107831108459355,0.4137360130052473,1
-0.3265888176710813,0.3672881625826447,3
0.41638231545775956,-0.21554417113910135,3
0.38506153176276714,-0.3051581144433482,3
0.021700612855652286,0.4679821793764279,3
1.1007312241157536,-0.5675962736126909,1
0.053691265671235264,-0.9866349428200679,2
-1.0036527520299177,0.03451355778602117,2
0.46929432035483193,-0.05817595502748148,3
1.3864462612411177,-0.27233140532043815,1
0.38007818907073204,0.34323573614051883,3
-0.9823190959194681,0.125377621237781,0
0.5101259238283188,-0.6744651222886372,1
0.7417030839775771,-0.5609689769077453,1
-0.42966760280835187,0.2992905046174295,3
-0.9360808355341024,0.17739448627844756,0
0.3690477318463303,0.6837143316420056,0
0.05009618952419195,-0.50942042612698,3
1.0236259253141655,-0.15635923851131356,2
-0.03195413916244205,0.8292314632084591,0
-0.9136556741992662,-0.3741133249861731,2
-0.18592518161426902,0.810939932757882,0
-0.409333269470239,-0.30797895374492107,3
1.5894088637751955,-0.11765306124082581,1
1.159003249221087,-0.6548065218254956,1
0.9985541861822452,-0.47680079432402134,1
0.5340396314985082,1.07624028215184,0
0.3691895107971167,0.2864703449750278,3
-0.8912776832812184,0.5178093388353558,0
-0.2383610433717601,-0.4359377941122288,3
0.19982122038556535,1.00431754697794,0
0.44508766743002226,-0.7552120588445781,1
-0.49446898428732544,-0.883803350176594,2
1.6173349074304157,-0.05740898758957927,1
0.09671053243776215,1.0918743717916213,0
-0.07114657132749326,-1.0024447139000037,2
-0.4709373047947692,-0.07775626158722909,3
0.751395761509895,0.6280965990438385,0
0.24933478785247715,1.2349472738526561,0
-0.46218260497576014,0.1488609324800303,3
0.9282479021273972,0.3823740452439107,2
0.29504276621024605,-0.0766505198509648,1
-0.16663041764824782,0.5435740599011833,3
0.7777635035245568,0.7372224611116541,0
-1.0342694989854115,-0.11030223325878397,2
0.3831103622375406,-0.8611160238243211,2
0.6849278274019753,-0.5378491075320772,1
0.9072545398092476,0.16181838987352196,2
0.8318454616953996,-0.5415200613985792,1
-0.7739375476535502,0.6886116402455689,2
0.5358296316088358,0.4917215321891438,0
-0.7240628283027069,0.4371535143400079,0
0.706995999738576,-0.7299788631639927,2
-0.8339818555066205,-0.581574729159014,2
-0.8714247248634772,-0.5210228481308523,2
0.7051617244273082,-0.7914006671724404,2
0.1818737926097681,0.47495966889108454,3
-0.12394446934362219,-0.9945279419565217,2
-0.8333293814746603,0.536737747013176,0
0.4408691749202751,-0.8944301287255778,2
0.2641887127172041,0.3740711707069929,3
